<Ui xmlns="http://www.blizzard.com/wow/ui/" xmlns:xsi="http://www.w3.org/2001/XMLSchema-instance" xsi:schemaLocation="http://www.blizzard.com/wow/ui/
    http://wowprogramming.com/FrameXML/UI.xsd">
  <Script file="Gui.lua" />
  
  <Button name="KeyedMinimapButton" parent="Minimap" enableMouse="true" movable="true" hidden="true">
    <Size>
      <AbsDimension x="33" y="33"/>
    </Size>
    <Anchors>
      <Anchor point="TOPLEFT"/>
    </Anchors>
    <Layers>
      <Layer level="BACKGROUND">
        <Texture name="KeyedMinimapButtonIcon" file="Interface\Icons\INV_Relics_Hourglass">
          <Size>
            <AbsDimension x="21" y="21"/>
          </Size>
          <Anchors>
            <Anchor point="TOPLEFT">
              <Offset>
                <AbsDimension x="5" y="-4"/>
              </Offset>
            </Anchor>
          </Anchors>
        </Texture>
      </Layer>
      <Layer level="OVERLAY">
        <Texture file="Interface\Minimap\MiniMap-TrackingBorder">
          <Size>
            <AbsDimension x="56" y="56"/>
          </Size>
          <Anchors>
            <Anchor point="TOPLEFT"/>
          </Anchors>
        </Texture>
      </Layer>
    </Layers>
    <Frames>
      <Frame name="KeyedMinimapButtonDraggingFrame" hidden="true">
        <Scripts>
          <OnUpdate>
            KeyedMinimapButtonDraggingFrameOnUpdate()
          </OnUpdate>
        </Scripts>
      </Frame>
    </Frames>
    <HighlightTexture alphaMode="ADD" file="Interface\Minimap\UI-Minimap-ZoomButton-Highlight"/>
    <Scripts>
      <OnLoad>
        self:RegisterForClicks("LeftButtonUp","RightButtonUp")
        self:RegisterForDrag("LeftButton","RightButton")
      </OnLoad>
      <OnDragStart>
        self:LockHighlight()
        KeyedMinimapButtonDraggingFrame:Show()
      </OnDragStart>
      <OnDragStop>
        self:UnlockHighlight()
        KeyedMinimapButtonDraggingFrame:Hide()
      </OnDragStop>
      <OnClick>
        KeyedMinimapButtonOnClick() -- do your thing in here, arg1 is mouse button clicked
      </OnClick>
    </Scripts>
  </Button>
  
  <Button name="KeystoneButtonTemplate" virtual="true">
    <Size x="240" y="24" />
    <Layers>
      <Layer level="BORDER">
        <FontString name="$parentName" inherits="GameFontNormalSmall" justifyH="LEFT" >
          <Size x="200" y="14"/>
          <Anchors>
            <Anchor point="TOPLEFT" x="14" y="-8"/>
          </Anchors>
        </FontString>
      </Layer>
    </Layers>
    <Frames>
      <Button name="$parentKeystone" inherits="KeystoneItemTemplate" hidden="true">
        <Anchors>
          <Anchor point="RIGHT" relativeTo="$parent" x="0" y="-2"/>
        </Anchors>
      </Button>
    </Frames>
    <HighlightTexture file="Interface\QuestFrame\UI-QuestTitleHighlight" alphaMode="ADD">
      <Size x="240" y="24" />
      <Anchors>
        <Anchor point="TOP" x="16" y="-2"/>
      </Anchors>
    </HighlightTexture>
  </Button>

  <Button name="KeystoneItemTemplate" virtual="true">
    <Size x="20" y="20" />
    <Layers>
      <Layer level="ARTWORK">
        <Texture name="$parentIcon" file="Interface\Icons\INV_Relics_Hourglass">
          <Size x="20" y="20" />
          <Anchors>
            <Anchor point="CENTER"/>
          </Anchors>
        </Texture>
      </Layer>
    </Layers>
    <Scripts>
      <OnEnter>
        if self.link then
          KeystoneButton_OnEnter(self, self.link)
        end
      </OnEnter>
      <OnLeave>
        if self.link then
          GameTooltip:Hide()
        end
      </OnLeave>
      <OnClick>
        if self.link then
          ChatFrame1EditBox:Show()
          ChatFrame1EditBox:SetFocus()
          ChatFrame1EditBox:Insert(self.link)
        end
      </OnClick>
    </Scripts>
  </Button>

  <Frame name="KeyedFrame" parent="UIParent" frameStrata="MEDIUM" enableKeyboard ="true" enableMouse="true" hidden="true" movable="true">
    <Size x="280" y="488" />
    <Anchors>
      <Anchor point="CENTER" />
    </Anchors>
    <Backdrop bgFile="Interface\DialogFrame\UI-DialogBox-Background" edgeFile="Interface\DialogFrame\UI-DialogBox-Border" tile="true">
      <BackgroundInsets>
        <AbsInset left="11" right="12" top="12" bottom="11"/>
      </BackgroundInsets>
      <TileSize>
        <AbsValue val="32"/>
      </TileSize>
      <EdgeSize>
        <AbsValue val="32"/>
      </EdgeSize>
    </Backdrop>
    <Layers>
      <Layer level="ARTWORK">
        <Texture name="GameMenuFrameHeader" file="Interface\DialogFrame\UI-DialogBox-Header">
          <Size x="256" y="64"/>
          <Anchors>
            <Anchor point="TOP" x="0" y="12"/>
          </Anchors>
        </Texture>
        
        <FontString inherits="GameFontNormal" text="|cffd6266cKeyed|r">
          <Anchors>
            <Anchor point="TOP" relativeTo="$parent" x="0" y="-3"/>
          </Anchors>
        </FontString>
      </Layer>
    </Layers>
    <Frames>
      
      <CheckButton name="KeyedFrameShowMinimapButton" checked="false">
        <Size x="24" y="24" />
        <Anchors>
          <Anchor point="BOTTOMLEFT" x="18" y="38" />
        </Anchors>
        <HitRectInsets>
          <AbsInset left="0" right="0" top="0" bottom="8"/>
        </HitRectInsets>
        <Layers>
          <Layer level="BORDER">
            <FontString inherits="GameFontNormalSmall" justifyH="LEFT" text="Enable Minimap Button">
              <Size x="120" y="14"/>
              <Anchors>
                <Anchor point="LEFT" x="26" y="0"/>
              </Anchors>
            </FontString>
          </Layer>
        </Layers>
        <Scripts>
          <OnClick>
            KeyedFrame_ToggleMinimap(self, self:GetChecked())
          </OnClick>
        </Scripts>
        <NormalTexture file="Interface\Buttons\UI-CheckBox-Up"/>
        <PushedTexture file="Interface\Buttons\UI-CheckBox-Down"/>
        <HighlightTexture file="Interface\Buttons\UI-CheckBox-Highlight" alphaMode="ADD"/>
        <CheckedTexture name="$parentCheckedTexture" file="Interface\Buttons\UI-CheckBox-Check"/>
        <DisabledCheckedTexture file="Interface\Buttons\UI-CheckBox-Check-Disabled"/>
      </CheckButton>
      
      <CheckButton name="KeyedFrameShowKeystones" checked="true">
        <Size x="24" y="24" />
        <Anchors>
          <Anchor point="BOTTOMLEFT" x="160" y="38" />
        </Anchors>
        <HitRectInsets>
          <AbsInset left="0" right="0" top="0" bottom="8"/>
        </HitRectInsets>
        <Layers>
          <Layer level="BORDER">
            <FontString inherits="GameFontNormalSmall" justifyH="LEFT" text="Only Keystones">
              <Size x="120" y="14"/>
              <Anchors>
                <Anchor point="LEFT" x="26" y="0"/>
              </Anchors>
            </FontString>
          </Layer>
        </Layers>
        <Scripts>
          <OnClick>
            KEYSTONE_LIST_DISPLAY_ALL = true
            if self:GetChecked() then KEYSTONE_LIST_DISPLAY_ALL = false end
            KeyedFrameKeystoneList_Update(KeyedFrameKeystoneList)
          </OnClick>
        </Scripts>
        <NormalTexture file="Interface\Buttons\UI-CheckBox-Up"/>
        <PushedTexture file="Interface\Buttons\UI-CheckBox-Down"/>
        <HighlightTexture file="Interface\Buttons\UI-CheckBox-Highlight" alphaMode="ADD"/>
        <CheckedTexture name="$parentCheckedTexture" file="Interface\Buttons\UI-CheckBox-Check"/>
        <DisabledCheckedTexture file="Interface\Buttons\UI-CheckBox-Check-Disabled"/>
      </CheckButton>
      
      <Button name="KeyedFrameRequest" inherits="UIPanelButtonTemplate" text="Get Keystones...">
        <Size x="120" y="24" />
        <Anchors>
          <Anchor point="BOTTOMLEFT" x="18" y="18" />
        </Anchors>
        <Scripts>
          <OnClick>Keyed:BroadcastKeystoneRequest()</OnClick>
        </Scripts>
        <ButtonText name="Close" />
      </Button>
      
      <Button name="KeyedFrameClose" inherits="UIPanelButtonTemplate" text="Close">
        <Size x="120" y="24" />
        <Anchors>
          <Anchor point="BOTTOMRIGHT" x="-18" y="18" />
        </Anchors>
        <Scripts>
          <OnClick>KeyedFrame:Hide()</OnClick>
        </Scripts>
        <ButtonText name="Close" />
      </Button>

      <Button name="KeystoneFrameButton1" inherits="KeystoneButtonTemplate" id="1">
        <Anchors>
          <Anchor point="TOPLEFT" relativeTo="KeyedFrame" x="2" y="-24"/>
        </Anchors>
      </Button>

      <ScrollFrame name="KeyedFrameKeystoneList" inherits="FauxScrollFrameTemplate">
        <Size x="240" y="384" />
        <Anchors>
          <Anchor point="TOPLEFT" x="6" y="-24" />
        </Anchors>
        <Scripts>
          <OnVerticalScroll>
            FauxScrollFrame_OnVerticalScroll(self, offset, KEYSTONE_LIST_HEIGHT, KeyedFrameKeystoneList_Update)
          </OnVerticalScroll>
        </Scripts>
      </ScrollFrame>
    </Frames>
    
    <Scripts>
      <OnLoad function="KeyedFrame_OnLoad" />
      <OnShow function="KeyedFrame_OnShow" />
      <OnDragStart>self:StartMoving()</OnDragStart>
      <OnDragStop>self:StopMovingOrSizing()</OnDragStop>
      <OnEscapePressed>self:Hide()</OnEscapePressed>
    </Scripts>
    
  </Frame>
</Ui>